the,808
and,404
a,328
to,327
of,318
she,237
in,227
it,183
you,171
alice,168
was,168
said,144
i,127
with,114
or,112
that,111
her,109
as,101
this,98
at,95
project,87
all,79
on,75
for,74
had,65
is,63
not,62
little,59
be,57
out,53
but,52
down,51
any,51
work,50
by,47
if,47
do,46
up,44
very,42
about,41
so,40
into,39
they,39
no,38
when,38
are,38
what,36
one,36
like,34
other,34
then,33
herself,33
from,33
there,32
works,32
rabbit,31
me,31
off,31
gutenberg,30
were,30
them,30
your,30
could,29
which,28
again,28
queen,28
its,27
electronic,27
illustration,26
mouse,26
went,25
came,25
have,25
just,24
found,24
must,24
now,24
more,24
he,24
king,24
well,23
door,23
who,23
white,22
way,22
see,22
large,22
an,22
go,22
foundation,22
terms,21
duchess,21
time,21
some,21
voice,21
know,21
get,20
thought,20
first,20
here,19
great,19
began,19
my,19
how,19
quite,19
can,19
i'm,19
may,18
away,18
looked,18
such,18
agreement,18
set,17
think,17
moment,17
upon,17
round,17
thing,17
heard,17
his,17
full,17
under,16
would,16
oh,16
after,16
only,16
got,16
we,16
last,16
use,15
license,15
without,15
come,15
back,15
don't,15
will,15
two,15
why,15
donations,15
copyright,14
once,14
much,14
dear,14
before,14
soon,14
over,14
it's,14
table,14
high,14
head,14
please,14
next,14
caterpillar,14
states,14
nothing,13
took,13
long,13
garden,13
find,13
i'll,13
literary,13
archive,13
copy,12
did,12
say,12
feet,12
should,12
cat,12
going,12
same,12
house,12
ebook,11
made,11
suddenly,11
never,11
take,11
seemed,11
make,11
low,11
been,11
right,11
cried,11
there's,11
near,11
tone,11
our,11
looking,11
hatter,11
paragraph,11
eyes,10
ran,10
than,10
through,10
half,10
size,10
poor,10
rather,10
hand,10
i've,10
something,10
called,10
their,10
united,10
trademark,10
access,10
refund,10
give,9
too,9
either,9
another,9
put,9
wish,9
bit,9
side,9
key,9
small,9
however,9
among,9
those,9
face,9
fan,9
tell,9
three,9
arm,9
march,9
read,9
public,9
agree,9
room,8
alice's,8
tried,8
anything,8
end,8
hall,8
glass,8
people,8
bottle,8
good,8
grow,8
growing,8
pool,8
hastily,8
question,8
that's,8
these,8
added,8
can't,8
you're,8
hare,8
hearts,8
witness,8
associated,8
domain,8
forth,8
fee,8
laws,8
including,8
information,8
wonderland,7
mind,7
day,7
getting,7
hear,7
talking,7
felt,7
turned,7
ever,7
idea,7
might,7
marked,7
curious,7
minute,7
eat,7
foot,7
sentence,7
cats,7
name,7
party,7
birds,7
dodo,7
course,7
notice,7
where,7
window,7
mushroom,7
free,7
pigeon,7
croquet,7
cook,7
court,7
permission,7
distributing,7
ebooks,7
copies,7
section,7
provide,7
anyone,6
online,6
distributed,6
sitting,6
close,6
noticed,6
dry,6
trying,6
walked,6
golden,6
rate,6
opened,6
even,6
words,6
wonder,6
against,6
won't,6
kept,6
sir,6
things,6
am,6
hands,6
while,6
talk,6
afraid,6
yet,6
whole,6
silence,6
replied,6
means,6
turning,6
left,6
sure,6
till,6
wood,6
state,6
serpent,6
play,6
dormouse,6
knave,6
distribute,6
charge,6
distribution,6
comply,6
paid,6
web,6
tax,6
volunteers,6
english,5
new,5
beginning,5
sister,5
shall,5
hurried,5
across,5
fell,5
saw,5
dinah,5
inches,5
larger,5
neck,5
sort,5
indeed,5
ten,5
best,5
sat,5
gave,5
followed,5
makes,5
anxiously,5
deal,5
hard,5
gloves,5
cause,5
change,5
offended,5
let,5
mad,5
person,5
enough,5
air,5
him,5
spoke,5
has,5
prizes,5
both,5
trial,5
stood,5
outside,5
help,5
many,5
together,5
general,5
ought,5
arms,5
mean,5
below,5
gone,5
they're,5
most,5
baby,5
within,5
majesty,5
tarts,5
evidence,5
cannot,5
compliance,5
posted,5
owner,5
medium,5
replacement,5
limited,5
received,5
tired,4
book,4
whether,4
trouble,4
itself,4
late,4
slowly,4
look,4
coming,4
fall,4
hope,4
leaves,4
passage,4
still,4
middle,4
alas,4
open,4
second,4
led,4
along,4
bright,4
rules,4
certainly,4
paper,4
drink,4
certain,4
leave,4
tears,4
lying,4
top,4
surprised,4
far,4
myself,4
fact,4
pair,4
hurry,4
waiting,4
dropped,4
world,4
done,4
shrinking,4
didn't,4
trembling,4
tea,4
us,4
crowded,4
animals,4
few,4
minutes,4
life,4
important,4
running,4
asked,4
confusion,4
call,4
jury,4
thinking,4
others,4
bill,4
mary,4
ann,4
broken,4
sha'n't,4
chimney,4
business,4
height,4
because,4
keep,4
particular,4
each,4
trees,4
tree,4
number,4
footman,4
letter,4
timidly,4
sneezing,4
sleep,4
piece,4
pack,4
shouted,4
except,4
written,4
editions,4
creating,4
part,4
copying,4
unless,4
mission,4
using,4
phrase,4
collection,4
individual,4
located,4
displaying,4
support,4
freely,4
format,4
status,4
holder,4
fees,4
providing,4
requirements,4
additional,4
form,4
site,4
provided,4
days,4
contact,4
damages,4
lewis,3
carroll,3
cost,3
almost,3
included,3
date,3
ascii,3
start,3
produced,3
adventures,3
company,3
having,3
peeped,3
reading,3
pictures,3
making,3
nor,3
seen,3
dark,3
else,3
miss,3
remember,3
hurt,3
sight,3
corner,3
behind,3
roof,3
every,3
tiny,3
shut,3
telescope,3
begin,3
printed,3
poison,3
finished,3
reach,3
generally,3
sometimes,3
severely,3
care,3
happens,3
speak,3
nine,3
cry,3
until,3
pattering,3
distance,3
violently,3
everything,3
morning,3
escape,3
frightened,3
sudden,3
glad,3
chin,3
fallen,3
swam,3
doesn't,3
understand,3
william,3
beg,3
pardon,3
angry,3
you'd,3
really,3
tail,3
subject,3
dogs,3
duck,3
several,3
creatures,3
tale,3
meet,3
seem,3
immediate,3
meaning,3
what's,3
believe,3
explain,3
easy,3
asking,3
answer,3
chorus,3
exactly,3
noise,3
met,3
law,3
judge,3
old,3
try,3
shook,3
alone,3
changed,3
since,3
doing,3
spread,3
hold,3
waited,3
sharp,3
hardly,3
better,3
surprise,3
cakes,3
crowd,3
tucked,3
hookah,3
mouth,3
least,3
want,3
direction,3
eggs,3
does,3
settled,3
lives,3
pepper,3
loudly,3
ground,3
howling,3
soup,3
ear,3
creature,3
visit,3
themselves,3
soldiers,3
cards,3
game,3
players,3
somebody,3
hedgehog,3
keeping,3
tis,3
trumpet,3
teacup,3
bread,3
butter,3
nearly,3
used,3
receive,3
complying,3
derivative,3
return,3
obtain,3
entity,3
future,3
performing,3
following,3
links,3
paragraphs,3
official,3
user,3
royalty,3
applicable,3
donate,3
payments,3
money,3
writing,3
defect,3
efforts,3
defective,3
equipment,3
disclaimer,3
liability,3
warranties,3
limitation,3
foundation's,3
email,3
anywhere,2
restrictions,2
whatsoever,2
jason,2
isbell,2
irma,2
spehar,2
proofreading,2
team,2
sam'l,2
gabriel,2
sons,2
york,2
bank,2
twice,2
conversations,2
own,2
feel,2
sleepy,2
remarkable,2
watch,2
started,2
hedge,2
deep,2
plenty,2
sides,2
cupboards,2
jar,2
managed,2
they'll,2
thump,2
jumped,2
lost,2
ears,2
whiskers,2
doors,2
flowers,2
cool,2
fountains,2
knew,2
shutting,2
beautifully,2
forgotten,2
ventured,2
taste,2
finding,2
nice,2
hot,2
lovely,2
awhile,2
happened,2
possibly,2
legs,2
though,2
eye,2
box,2
cake,2
holding,2
remained,2
curiouser,2
forgot,2
opening,2
dears,2
struck,2
reaching,2
trotting,2
muttering,2
timid,2
usual,2
ah,2
rabbit's,2
rapidly,2
save,2
child,2
slipped,2
sea,2
o,2
swimming,2
perhaps,2
french,2
conqueror,2
fright,2
shrill,2
show,2
always,2
conversation,2
pale,2
shore,2
history,2
you'll,2
lory,2
eaglet,2
assembled,2
fur,2
wet,2
listen,2
ring,2
ready,2
ugh,2
archbishop,2
advisable,2
frog,2
hurriedly,2
continued,2
remedies,2
liked,2
race,2
hour,2
won,2
everybody,2
voices,2
pocket,2
comfits,2
luckily,2
handed,2
caused,2
sad,2
fury,2
wasting,2
breath,2
bend,2
nonsense,2
walking,2
yes,2
impatiently,2
children,2
various,2
moved,2
nobody,2
seems,2
she's,2
footsteps,2
executed,2
ferrets,2
guessed,2
vanished,2
home,2
fetch,2
knocking,2
saying,2
it'll,2
being,2
remarking,2
floor,2
whatever,2
effect,2
stopped,2
times,2
reason,2
pressed,2
snatch,2
shriek,2
crash,2
pat,2
digging,2
yer,2
honor,2
sounds,2
hearing,2
sound,2
where's,2
you've,2
drew,2
goes,2
comes,2
barrowful,2
shower,2
pebbles,2
hit,2
lay,2
delighted,2
directly,2
affectionately,2
suppose,2
grass,2
stretched,2
edge,2
folded,2
quietly,2
taking,2
different,2
temper,2
anger,2
unfolded,2
often,2
wouldn't,2
taller,2
shorter,2
aloud,2
nibbled,2
easily,2
succeeded,2
indignantly,2
serpents,2
sky,2
girl,2
remembered,2
entangled,2
held,2
pieces,2
nibbling,2
strange,2
beautiful,2
place,2
livery,2
solemn,2
invitation,2
repeated,2
bowed,2
constant,2
dish,2
kitchen,2
fire,2
caldron,2
grinned,2
already,2
jumping,2
caught,2
difficulty,2
directions,2
grunted,2
reply,2
pig,2
mistake,2
neither,2
less,2
startled,2
waving,2
paw,2
we're,2
haven't,2
front,2
asleep,2
wide,2
breathe,2
instantly,2
picked,2
queen's,2
roses,2
gardeners,2
painting,2
red,2
five,2
heads,2
carrying,2
ornamented,2
mostly,2
crown,2
procession,2
meant,2
hush,2
execution,2
live,2
hedgehogs,2
stamping,2
shouting,2
dreadfully,2
search,2
opportunity,2
flamingo,2
moral,2
love,2
duchess's,2
linked,2
hers,2
choice,2
word,2
stole,2
blew,2
blasts,2
man,2
jurymen,2
mile,2
consider,2
verdict,2
verses,2
signed,2
dead,2
dream,2
file,2
files,2
formats,2
owns,2
paying,2
royalties,2
protect,2
concept,2
registered,2
purpose,2
research,2
redistribution,2
promoting,2
available,2
redistributing,2
intellectual,2
property,2
destroy,2
obtaining,2
bound,2
based,2
references,2
removed,2
also,2
check,2
country,2
concerning,2
active,2
prominently,2
copied,2
contain,2
plain,2
vanilla,2
specified,2
prepare,2
receipt,2
physical,2
accordance,2
michael,2
hart,2
employees,2
considerable,2
effort,2
computer,2
damage,2
warranty,2
costs,2
expenses,2
legal,2
breach,2
explanation,2
lieu,2
electronically,2
implied,2
permitted,2
b,2
readable,2
widest,2
computers,2
generations,2
created,2
page,2
exempt,2
federal,2
contributions,2
office,2
dr,2
s,2
locations,2
solicit,2
accepted,2
title,1
author,1
illustrator,1
gordon,1
robinson,1
release,1
august,1
language,1
character,1
encoding,1
storyland,1
series,1
considering,1
stupid,1
pleasure,1
worth,1
picking,1
daisies,1
pink,1
actually,1
flashed,1
burning,1
curiosity,1
field,1
pop,1
straight,1
tunnel,1
dipped,1
stopping,1
falling,1
filled,1
maps,1
hung,1
pegs,1
shelves,1
passed,1
labeled,1
orange,1
marmalade,1
disappointment,1
empty,1
drop,1
past,1
dinah'll,1
saucer,1
milk,1
dozing,1
heap,1
sticks,1
overhead,1
hurrying,1
wind,1
longer,1
lit,1
row,1
lamps,1
hanging,1
locked,1
sadly,1
wondering,1
solid,1
belong,1
locks,1
curtain,1
fifteen,1
lock,1
delight,1
fitted,1
knelt,1
loveliest,1
longed,1
wander,1
beds,1
doorway,1
hoping,1
telescopes,1
tied,1
label,1
letters,1
disagree,1
sooner,1
later,1
mixed,1
flavor,1
custard,1
pineapple,1
roast,1
turkey,1
toffy,1
buttered,1
toast,1
feeling,1
brightened,1
decided,1
plainly,1
climb,1
slippery,1
crying,1
sharply,1
advise,1
advice,1
seldom,1
scolded,1
bring,1
currants,1
smaller,1
creep,1
ate,1
largest,1
shoes,1
stockings,1
hopeless,1
shedding,1
gallons,1
dried,1
returning,1
splendidly,1
dressed,1
himself,1
savage,1
skurried,1
darkness,1
fanning,1
queer,1
yesterday,1
puzzle,1
measure,1
altogether,1
narrow,1
existence,1
speed,1
worse,1
splash,1
somehow,1
wept,1
splashing,1
nearer,1
likely,1
harm,1
inquisitively,1
wink,1
dare,1
ou,1
est,1
ma,1
chatte,1
leap,1
water,1
quiver,1
animal's,1
feelings,1
passionate,1
soothing,1
fancy,1
quiet,1
bristling,1
family,1
hated,1
vulgar,1
dog,1
kills,1
rats,1
sorrowful,1
commotion,1
softly,1
hate,1
draggled,1
feathers,1
clinging,1
dripping,1
cross,1
uncomfortable,1
consultation,1
natural,1
familiarly,1
known,1
authority,1
sit,1
ahem,1
driest,1
whose,1
favored,1
pope,1
submitted,1
wanted,1
leaders,1
accustomed,1
usurpation,1
conquest,1
edwin,1
morcar,1
earls,1
mercia,1
northumbria,1
shiver,1
stigand,1
patriotic,1
canterbury,1
crossly,1
worm,1
edgar,1
atheling,1
offer,1
melancholy,1
case,1
solemnly,1
rising,1
move,1
meeting,1
adjourn,1
adoption,1
energetic,1
circle,1
placed,1
panting,1
pointing,1
finger,1
calling,1
confused,1
despair,1
pulled,1
complained,1
theirs,1
ones,1
choked,1
patted,1
begged,1
promised,1
d,1
whisper,1
mine,1
sighing,1
mouse's,1
puzzling,1
speaking,1
prosecute,1
denial,1
cur,1
cunning,1
condemn,1
death,1
attending,1
humbly,1
fifth,1
insult,1
finish,1
story,1
joined,1
quicker,1
sensation,1
canary,1
bed,1
pretexts,1
hadn't,1
mentioned,1
lonely,1
eagerly,1
sends,1
paws,1
she'll,1
hunting,1
nowhere,1
swim,1
completely,1
run,1
quick,1
housemaid,1
he'll,1
finds,1
neat,1
brass,1
plate,1
w,1
engraved,1
upstairs,1
fear,1
lest,1
real,1
tidy,1
pairs,1
uncorked,1
lips,1
drunk,1
pressing,1
ceiling,1
stoop,1
kneel,1
resource,1
become,1
magic,1
grew,1
stairs,1
trembled,1
forgetting,1
thousand,1
presently,1
inwards,1
elbow,1
attempt,1
proved,1
failure,1
fancied,1
concluded,1
possible,1
apples,1
whispers,1
shrieks,1
pulling,1
rumbling,1
ladder,1
bill's,1
master,1
says,1
animal,1
scratching,1
scrambling,1
above,1
kick,1
happen,1
choke,1
feeble,1
squeaking,1
thank,1
ye,1
moving,1
doubt,1
rattling,1
swallowed,1
rush,1
appeared,1
safe,1
thick,1
wandered,1
around,1
blades,1
circumstances,1
tiptoe,1
immediately,1
blue,1
smoking,1
smallest,1
addressed,1
languid,1
shyly,1
sternly,1
yourself,1
sizes,1
confusing,1
gravely,1
unpleasant,1
swallowing,1
changing,1
wretched,1
angrily,1
rearing,1
upright,1
crawled,1
merely,1
thoughtfully,1
broke,1
violent,1
blow,1
underneath,1
closely,1
swallow,1
morsel,1
head's,1
immense,1
length,1
rise,1
stalk,1
green,1
shoulders,1
curving,1
graceful,1
zigzag,1
dive,1
hiss,1
draw,1
flown,1
beating,1
wings,1
roots,1
banks,1
hedges,1
pleasing,1
puzzled,1
wasn't,1
hatching,1
night,1
i'd,1
taken,1
highest,1
raising,1
needs,1
wriggling,1
doubtfully,1
changes,1
matter,1
matters,1
shouldn't,1
raw,1
sulky,1
nest,1
crouched,1
branches,1
stop,1
untwist,1
carefully,1
bringing,1
four,1
whoever,1
frighten,1
wits,1
venture,1
brought,1
judging,1
rapped,1
knuckles,1
producing,1
curls,1
staring,1
stupidly,1
knocked,1
reasons,1
secondly,1
inside,1
extraordinary,1
kettle,1
smoke,1
stool,1
nursing,1
leaning,1
stirring,1
sneezed,1
occasionally,1
alternately,1
moment's,1
pause,1
sneeze,1
grinning,1
grins,1
grin,1
throwing,1
saucepans,1
plates,1
dishes,1
impossible,1
blows,1
agony,1
terror,1
nurse,1
flinging,1
kill,1
murder,1
loud,1
turn,1
alarm,1
relieved,1
trot,1
seeing,1
bough,1
yards,1
remarked,1
invited,1
farther,1
between,1
fast,1
raven,1
they've,1
begun,1
guess,1
poured,1
nose,1
remark,1
riddle,1
slightest,1
weary,1
sigh,1
riddles,1
answers,1
earnestly,1
stupidest,1
leading,1
unlocked,1
entrance,1
busily,1
chanced,1
watching,1
seven,1
cut,1
afore,1
threw,1
flat,1
faces,1
eager,1
clubs,1
corners,1
courtiers,1
diamonds,1
royal,1
guests,1
kings,1
queens,1
recognized,1
king's,1
crimson,1
velvet,1
cushion,1
grand,1
opposite,1
smiled,1
politely,1
evidently,1
roared,1
fine,1
peeping,1
boxed,1
places,1
thunder,1
tumbling,1
ridges,1
furrows,1
balls,1
mallets,1
flamingos,1
double,1
stand,1
arches,1
played,1
turns,1
quarrelling,1
fighting,1
short,1
furious,1
passion,1
fond,1
beheading,1
alive,1
appearance,1
fairly,1
complaining,1
quarrel,1
oneself,1
engaged,1
fight,1
excellent,1
croqueting,1
helpless,1
fly,1
prison,1
pleasant,1
forget,1
game's,1
whispered,1
minding,1
shoulder,1
sense,1
tremble,1
frowning,1
thunderstorm,1
fair,1
warning,1
let's,1
playing,1
quarreling,1
custody,1
pardoned,1
trial's,1
seated,1
throne,1
arrived,1
sorts,1
beasts,1
standing,1
chains,1
soldier,1
guard,1
scroll,1
parchment,1
they'd,1
refreshments,1
wore,1
wig,1
twelve,1
jurors,1
herald,1
accusation,1
unrolled,1
follows,1
summer,1
fourteenth,1
nervous,1
spot,1
encourage,1
shifting,1
uneasily,1
instead,1
miserable,1
knee,1
speaker,1
carried,1
disappeared,1
watched,1
fumbled,1
list,1
imagine,1
tipped,1
upsetting,1
exclaimed,1
dismay,1
proceed,1
proper,1
emphasis,1
rule,1
persons,1
miles,1
prisoner,1
isn't,1
write,1
prove,1
mischief,1
honest,1
clapping,1
whilst,1
we've,1
atom,1
saves,1
needn't,1
afterwards,1
stuff,1
tongue,1
purple,1
cares,1
grown,1
rose,1
flying,1
scream,1
beat,1
lap,1
gently,1
brushing,1
fluttered,1
wake,1
told,1
wonderful,1
named,1
updated,1
replace,1
previous,1
renamed,1
print,1
special,1
apply,1
specific,1
creation,1
reports,1
performances,1
modified,1
given,1
practically,1
especially,1
commercial,1
indicate,1
accept,1
abide,1
cease,1
possession,1
whom,1
lot,1
follow,1
preserve,1
pglaf,1
compilation,1
claim,1
prevent,1
sharing,1
attached,1
share,1
govern,1
countries,1
addition,1
downloading,1
representations,1
appear,1
whenever,1
appears,1
accessed,1
displayed,1
performed,1
viewed,1
derived,1
indicating,1
charges,1
appearing,1
imposed,1
unlink,1
detach,1
remove,1
containing,1
display,1
perform,1
redistribute,1
convert,1
binary,1
compressed,1
nonproprietary,1
proprietary,1
processing,1
hypertext,1
version,1
expense,1
exporting,1
request,1
original,1
alternate,1
include,1
viewing,1
reasonable,1
pay,1
gross,1
profits,1
derive,1
calculated,1
method,1
calculate,1
taxes,1
owed,1
agreed,1
legally,1
required,1
periodic,1
returns,1
clearly,1
sent,1
address,1
notifies,1
require,1
possessed,1
discontinue,1
discovered,1
reported,1
group,1
expend,1
identify,1
transcribe,1
proofread,1
despite,1
stored,1
defects,1
incomplete,1
inaccurate,1
corrupt,1
data,1
transcription,1
errors,1
infringement,1
damaged,1
disk,1
virus,1
codes,1
described,1
disclaim,1
negligence,1
strict,1
contract,1
distributor,1
liable,1
actual,1
direct,1
indirect,1
consequential,1
punitive,1
incidental,1
possibility,1
discover,1
receiving,1
sending,1
elect,1
choose,1
demand,1
further,1
opportunities,1
fix,1
problem,1
kind,1
express,1
merchantibility,1
fitness,1
allow,1
disclaimers,1
exclusion,1
types,1
violates,1
interpreted,1
maximum,1
invalidity,1
unenforceability,1
provision,1
void,1
remaining,1
provisions,1
indemnity,1
indemnify,1
agent,1
employee,1
production,1
promotion,1
harmless,1
arise,1
indirectly,1
occur,1
alteration,1
modification,1
additions,1
deletions,1
c,1
synonymous,1
variety,1
obsolete,1
exists,1
hundreds,1
walks,1
financial,1
assistance,1
need,1
critical,1
goals,1
ensuring,1
remain,1
secure,1
permanent,1
learn,1
sections,1
non,1
profit,1
educational,1
corporation,1
organized,1
mississippi,1
granted,1
internal,1
revenue,1
service,1
ein,1
identification,1
deductible,1
extent,1
state's,1
principal,1
melan,1
fairbanks,1
ak,1
scattered,1
throughout,1
numerous,1
north,1
west,1
salt,1
lake,1
city,1
ut,1
gregory,1
newby,1
chief,1
executive,1
director,1
depends,1
survive,1
carry,1
increasing,1
licensed,1
machine,1
accessible,1
array,1
outdated,1
particularly,1
maintaining,1
irs,1
committed,1
regulating,1
charities,1
charitable,1
uniform,1
takes,1
paperwork,1
confirmation,1
send,1
determine,1
solicitation,1
prohibition,1
accepting,1
unsolicited,1
donors,1
approach,1
offers,1
international,1
gratefully,1
statements,1
treatment,1
swamp,1
staff,1
pages,1
current,1
donation,1
methods,1
addresses,1
ways,1
checks,1
credit,1
card,1
professor,1
originator,1
library,1
shared,1
thirty,1
years,1
loose,1
network,1
volunteer,1
confirmed,1
thus,1
necessarily,1
edition,1
main,1
pg,1
facility,1
includes,1
produce,1
subscribe,1
newsletter,1
